date_time,maxtempC,mintempC,totalSnow_cm,sunHour,uvIndex,moon_illumination,moonrise,moonset,sunrise,sunset,DewPointC,FeelsLikeC,HeatIndexC,WindChillC,WindGustKmph,cloudcover,humidity,precipMM,pressure,tempC,visibility,winddirDegree,windspeedKmph,location
2017-01-01,18,8,0.0,8.7,3,20,09:17 AM,08:28 PM,06:59 AM,04:56 PM,7,12,12,12,10,24,69,0.2,1014,18,10,219,7,90045
2017-01-02,13,11,0.0,3.7,3,27,09:56 AM,09:28 PM,06:59 AM,04:57 PM,8,12,12,12,8,88,76,0.3,1018,13,10,149,7,90045
2017-01-03,15,10,0.0,8.7,4,34,10:33 AM,10:29 PM,06:59 AM,04:57 PM,7,12,12,12,8,32,72,0.0,1021,15,10,163,5,90045
2017-01-04,14,9,0.0,3.6,3,41,11:10 AM,11:31 PM,07:00 AM,04:58 PM,10,12,12,12,7,67,84,2.5,1019,14,8,120,5,90045
2017-01-05,16,12,0.0,3.6,3,49,11:47 AM,No moonset,07:00 AM,04:59 PM,13,13,14,13,13,78,93,10.0,1015,16,8,175,9,90045
2017-01-06,20,11,0.0,8.7,5,56,12:25 PM,12:34 AM,07:00 AM,05:00 PM,9,14,14,14,9,9,73,0.0,1019,20,10,170,6,90045
2017-01-07,18,11,0.0,7.1,4,63,01:07 PM,01:40 AM,07:00 AM,05:01 PM,8,14,14,14,11,53,66,5.7,1022,18,9,74,6,90045
2017-01-08,22,13,0.0,8.7,5,70,01:53 PM,02:46 AM,07:00 AM,05:02 PM,9,17,17,17,11,34,61,0.5,1022,22,10,139,6,90045
2017-01-09,16,12,0.0,7.1,3,78,02:44 PM,03:53 AM,07:00 AM,05:03 PM,11,14,14,14,13,68,82,10.1,1021,16,9,169,9,90045
2017-01-10,14,10,0.0,3.8,3,85,03:41 PM,04:58 AM,07:00 AM,05:03 PM,11,13,13,13,11,85,90,2.0,1020,14,6,236,7,90045
2017-01-11,17,13,0.0,8.7,4,92,04:41 PM,06:00 AM,06:59 AM,05:04 PM,12,14,15,14,16,67,83,6.9,1016,17,9,239,12,90045
2017-01-12,13,10,0.0,3.9,3,100,05:46 PM,06:57 AM,06:59 AM,05:05 PM,10,11,12,11,10,80,86,15.3,1014,13,9,135,7,90045
2017-01-13,17,10,0.0,8.7,3,100,06:49 PM,07:48 AM,06:59 AM,05:06 PM,8,13,13,13,9,10,70,2.0,1017,17,10,141,6,90045
2017-01-14,21,10,0.0,8.7,5,86,07:53 PM,08:33 AM,06:59 AM,05:07 PM,6,14,15,14,19,7,57,0.0,1018,21,10,298,11,90045
2017-01-15,15,10,0.0,5.5,3,79,08:53 PM,09:13 AM,06:59 AM,05:08 PM,10,13,13,13,15,53,80,0.2,1017,15,10,98,10,90045
2017-01-16,21,9,0.0,8.7,5,71,09:52 PM,09:50 AM,06:58 AM,05:09 PM,10,16,16,16,8,11,68,0.0,1018,21,10,212,6,90045
2017-01-17,20,12,0.0,8.7,5,64,10:48 PM,10:23 AM,06:58 AM,05:10 PM,6,15,15,15,11,1,54,0.0,1020,20,10,226,8,90045
2017-01-18,15,9,0.0,8.7,3,57,11:43 PM,10:56 AM,06:58 AM,05:11 PM,8,12,12,12,11,40,78,1.5,1020,15,9,183,7,90045
2017-01-19,16,11,0.0,8.7,3,50,No moonrise,11:29 AM,06:57 AM,05:12 PM,10,13,13,13,21,45,79,22.6,1014,16,9,234,15,90045
2017-01-20,14,10,0.0,7.1,3,42,12:36 AM,12:02 PM,06:57 AM,05:13 PM,9,10,12,10,29,58,85,38.6,1004,14,8,215,20,90045
2017-01-21,15,9,0.0,8.7,4,35,01:30 AM,12:37 PM,06:57 AM,05:14 PM,7,10,12,10,24,16,73,0.0,1012,15,10,257,16,90045
2017-01-22,13,10,0.0,4.0,3,28,02:23 AM,01:16 PM,06:56 AM,05:15 PM,9,9,12,9,32,85,87,26.4,1015,13,8,131,22,90045
2017-01-23,12,10,0.0,7.1,3,20,03:16 AM,01:57 PM,06:56 AM,05:16 PM,7,9,11,9,30,36,74,9.0,1012,12,9,271,20,90045
2017-01-24,14,7,0.0,7.1,3,13,04:08 AM,02:42 PM,06:55 AM,05:17 PM,4,10,10,10,7,29,68,0.1,1017,14,10,205,5,90045
2017-01-25,16,9,0.0,8.7,4,6,04:58 AM,03:32 PM,06:55 AM,05:18 PM,5,12,12,12,9,5,62,0.0,1025,16,10,237,7,90045
2017-01-26,19,8,0.0,8.7,4,0,05:47 AM,04:25 PM,06:54 AM,05:19 PM,2,12,13,12,11,1,47,0.0,1027,19,10,259,8,90045
2017-01-27,20,8,0.0,8.7,4,0,06:32 AM,05:22 PM,06:54 AM,05:20 PM,-1,11,13,11,17,0,39,0.0,1032,20,10,67,11,90045
2017-01-28,24,10,0.0,8.7,5,1,07:16 AM,06:20 PM,06:53 AM,05:21 PM,1,15,16,15,17,0,37,0.0,1031,24,10,239,10,90045
2017-01-29,26,12,0.0,8.7,5,8,07:56 AM,07:21 PM,06:52 AM,05:22 PM,3,17,18,17,17,0,37,0.0,1026,26,10,256,9,90045
2017-01-30,27,15,0.0,8.7,6,16,08:34 AM,08:22 PM,06:52 AM,05:23 PM,5,19,19,19,13,1,40,0.0,1021,27,10,149,8,90045
2017-01-31,24,12,0.0,8.7,5,20,09:12 AM,09:25 PM,06:51 AM,05:24 PM,7,17,18,17,9,10,51,0.0,1019,24,10,170,6,90045
2017-02-01,18,10,0.0,8.7,3,31,09:49 AM,10:28 PM,06:50 AM,05:25 PM,9,15,15,15,7,25,69,0.0,1018,18,10,152,5,90045
2017-02-02,16,9,0.0,7.1,4,39,10:27 AM,11:32 PM,06:49 AM,05:26 PM,8,13,13,13,9,48,71,0.0,1019,16,10,182,5,90045
2017-02-03,14,11,0.0,4.0,3,46,11:07 AM,No moonset,06:49 AM,05:27 PM,10,13,13,13,10,86,83,4.8,1019,14,7,107,7,90045
2017-02-04,17,11,0.0,8.7,3,54,11:50 AM,12:36 AM,06:48 AM,05:28 PM,11,14,14,14,10,39,87,0.2,1019,17,9,290,8,90045
2017-02-05,15,11,0.0,4.1,3,62,12:37 PM,01:41 AM,06:47 AM,05:29 PM,11,13,13,13,8,62,87,0.4,1017,15,10,150,6,90045
2017-02-06,14,12,0.0,4.1,3,69,01:30 PM,02:45 AM,06:46 AM,05:30 PM,12,12,13,12,17,96,92,27.2,1017,14,5,104,12,90045
2017-02-07,16,14,0.0,4.1,4,77,02:26 PM,03:47 AM,06:45 AM,05:31 PM,14,15,15,15,10,94,94,2.0,1020,16,4,176,7,90045
2017-02-08,20,14,0.0,8.7,4,84,03:28 PM,04:44 AM,06:44 AM,05:32 PM,15,17,16,17,8,50,91,0.3,1021,20,5,213,6,90045
2017-02-09,23,14,0.0,8.7,5,92,04:30 PM,05:37 AM,06:44 AM,05:33 PM,14,17,18,17,10,22,82,0.0,1017,23,9,260,7,90045
2017-02-10,19,13,0.0,7.2,4,99,05:34 PM,06:24 AM,06:43 AM,05:34 PM,13,16,15,16,5,60,85,3.8,1017,19,10,206,4,90045
2017-02-11,21,13,0.0,8.7,4,100,06:35 PM,07:06 AM,06:42 AM,05:35 PM,13,16,16,16,7,29,85,3.1,1019,21,8,208,6,90045
2017-02-12,23,11,0.0,8.7,5,86,07:36 PM,07:45 AM,06:41 AM,05:35 PM,8,16,17,16,16,7,59,0.0,1019,23,10,204,9,90045
2017-02-13,23,14,0.0,8.7,5,78,08:34 PM,08:20 AM,06:40 AM,05:36 PM,8,17,18,17,15,12,56,0.0,1018,23,10,241,9,90045
2017-02-14,22,12,0.0,8.7,5,71,09:31 PM,08:54 AM,06:39 AM,05:37 PM,11,17,18,17,8,21,68,0.0,1018,22,10,185,6,90045
2017-02-15,24,12,0.0,8.7,4,63,10:25 PM,09:27 AM,06:38 AM,05:38 PM,7,17,17,17,11,23,51,0.0,1019,24,10,219,7,90045
2017-02-16,21,12,0.0,7.2,4,55,11:20 PM,10:01 AM,06:37 AM,05:39 PM,10,16,16,16,8,34,69,0.0,1015,21,10,250,5,90045
2017-02-17,14,12,0.0,4.1,3,48,No moonrise,10:35 AM,06:35 AM,05:40 PM,12,11,13,11,37,92,89,44.0,1003,14,7,133,27,90045
2017-02-18,15,11,0.0,5.7,3,40,12:13 AM,11:12 AM,06:34 AM,05:41 PM,10,12,13,12,16,64,84,8.1,1002,15,8,171,12,90045
2017-02-19,15,11,0.0,5.7,3,33,01:06 AM,11:52 AM,06:33 AM,05:42 PM,10,13,13,13,7,59,83,0.3,1014,15,10,172,5,90045
2017-02-20,15,12,0.0,4.2,3,25,01:58 AM,12:35 PM,06:32 AM,05:43 PM,11,13,13,13,12,88,84,1.4,1023,15,4,115,9,90045
2017-02-21,18,12,0.0,5.7,4,18,02:49 AM,01:22 PM,06:31 AM,05:44 PM,12,15,15,15,7,55,82,0.1,1025,18,10,169,5,90045
2017-02-22,17,11,0.0,8.7,4,10,03:38 AM,02:13 PM,06:30 AM,05:45 PM,8,13,14,13,22,8,71,0.0,1020,17,10,288,15,90045
2017-02-23,16,9,0.0,8.7,4,3,04:25 AM,03:09 PM,06:29 AM,05:45 PM,1,11,12,11,21,0,47,0.0,1019,16,10,324,17,90045
2017-02-24,20,7,0.0,8.7,4,0,05:09 AM,04:07 PM,06:28 AM,05:46 PM,1,13,13,13,12,6,46,0.0,1022,20,10,205,9,90045
2017-02-25,16,9,0.0,7.2,3,0,05:51 AM,05:08 PM,06:26 AM,05:47 PM,5,12,12,12,9,36,64,0.0,1019,16,10,174,6,90045
2017-02-26,14,9,0.0,4.2,3,0,06:31 AM,06:10 PM,06:25 AM,05:48 PM,7,10,11,10,12,71,77,1.9,1015,14,9,107,9,90045
2017-02-27,14,10,0.0,4.2,3,5,07:10 AM,07:14 PM,06:24 AM,05:49 PM,8,11,12,11,13,80,76,0.6,1012,14,7,158,9,90045
2017-02-28,18,9,0.0,8.7,5,12,07:48 AM,08:18 PM,06:23 AM,05:50 PM,6,14,14,14,12,3,60,0.0,1019,18,10,263,10,90045
2017-03-01,25,11,0.0,8.7,5,19,08:26 AM,09:24 PM,06:22 AM,05:51 PM,4,16,17,16,14,1,42,0.0,1025,25,10,219,9,90045
2017-03-02,23,11,0.0,5.7,4,26,09:07 AM,10:29 PM,06:20 AM,05:51 PM,1,16,17,16,16,35,35,0.0,1022,23,10,135,8,90045
2017-03-03,25,14,0.0,8.7,6,34,09:49 AM,11:35 PM,06:19 AM,05:52 PM,3,18,18,18,16,7,39,0.0,1017,25,10,121,9,90045
2017-03-04,18,12,0.0,7.2,4,41,10:35 AM,No moonset,06:18 AM,05:53 PM,8,15,15,15,9,44,65,0.0,1015,18,10,142,7,90045
2017-03-05,14,11,0.0,5.7,3,48,11:26 AM,12:38 AM,06:17 AM,05:54 PM,8,11,12,11,19,43,73,2.1,1016,14,9,206,14,90045
2017-03-06,20,9,0.0,8.7,4,55,12:20 PM,01:40 AM,06:15 AM,05:55 PM,2,12,13,12,19,2,49,0.0,1023,20,10,313,14,90045
2017-03-07,23,11,0.0,8.7,5,63,01:19 PM,02:37 AM,06:14 AM,05:55 PM,3,16,16,16,14,6,44,0.0,1022,23,10,232,9,90045
2017-03-08,27,15,0.0,8.7,6,70,02:19 PM,03:31 AM,06:13 AM,05:56 PM,7,19,19,19,15,14,45,0.0,1019,27,10,239,8,90045
2017-03-09,28,17,0.0,8.7,6,77,03:21 PM,04:18 AM,06:11 AM,05:57 PM,11,22,22,22,9,1,53,0.0,1019,28,10,132,7,90045
2017-03-10,24,16,0.0,4.3,5,85,04:22 PM,05:01 AM,06:10 AM,05:58 PM,12,20,21,20,8,43,60,0.0,1018,24,10,256,5,90045
2017-03-11,26,16,0.0,8.7,6,92,05:22 PM,05:41 AM,06:09 AM,05:59 PM,12,21,21,21,8,6,59,0.0,1016,26,10,185,6,90045
2017-03-12,28,15,0.0,8.7,6,99,06:20 PM,06:17 AM,06:07 AM,05:59 PM,11,23,23,22,10,3,52,0.0,1016,28,10,212,7,90045
2017-03-13,29,19,0.0,11.6,7,100,07:18 PM,06:51 AM,06:06 AM,06:00 PM,15,24,24,24,6,0,59,0.0,1017,29,10,186,5,90045
2017-03-14,29,18,0.0,10.2,5,86,08:14 PM,07:25 AM,06:05 AM,06:01 PM,11,22,22,22,10,15,52,0.0,1018,29,10,176,6,90045
2017-03-15,27,18,0.0,11.6,6,79,09:09 PM,07:58 AM,06:04 AM,06:02 PM,12,22,22,22,10,5,55,0.0,1019,27,10,288,7,90045
2017-03-16,26,16,0.0,11.6,6,72,10:03 PM,08:32 AM,06:02 AM,06:02 PM,14,22,22,21,7,2,65,0.0,1018,26,10,203,6,90045
2017-03-17,26,18,0.0,11.6,6,65,10:57 PM,09:09 AM,06:01 AM,06:03 PM,15,22,22,22,6,0,68,0.0,1017,26,10,179,5,90045
2017-03-18,22,16,0.0,12.0,6,57,11:49 PM,09:47 AM,06:00 AM,06:04 PM,14,19,20,19,6,3,74,0.0,1018,22,10,187,5,90045
2017-03-19,22,14,0.0,12.5,5,50,No moonrise,10:28 AM,05:58 AM,06:05 PM,13,18,19,18,7,14,72,0.0,1018,22,10,171,5,90045
2017-03-20,19,13,0.0,12.5,4,43,12:40 AM,11:14 AM,05:57 AM,06:05 PM,11,15,15,15,8,43,77,0.0,1019,19,10,237,7,90045
2017-03-21,18,13,0.0,7.8,4,35,01:30 AM,12:03 PM,05:56 AM,06:06 PM,12,16,15,16,12,82,81,3.5,1018,18,8,143,9,90045
2017-03-22,19,14,0.0,12.5,4,28,02:16 AM,12:55 PM,05:54 AM,06:07 PM,11,16,16,16,17,48,71,0.3,1016,19,10,251,13,90045
2017-03-23,20,12,0.0,12.6,5,21,03:01 AM,01:51 PM,05:53 AM,06:08 PM,8,15,16,15,19,7,61,0.0,1020,20,10,270,14,90045
2017-03-24,20,13,0.0,12.6,5,14,03:44 AM,02:50 PM,05:52 AM,06:08 PM,11,16,16,16,12,6,72,0.0,1023,20,10,190,10,90045
2017-03-25,18,12,0.0,12.6,5,6,04:24 AM,03:52 PM,05:50 AM,06:09 PM,12,16,15,16,10,28,80,0.1,1019,18,10,269,8,90045
2017-03-26,20,13,0.0,12.6,5,0,05:04 AM,04:56 PM,05:49 AM,06:10 PM,12,16,16,16,10,9,75,0.0,1017,20,10,174,8,90045
2017-03-27,22,15,0.0,12.6,5,0,05:42 AM,06:01 PM,05:47 AM,06:11 PM,9,18,19,18,18,2,61,0.0,1017,22,10,284,13,90045
2017-03-28,28,12,0.0,12.7,6,1,06:21 AM,07:08 PM,05:46 AM,06:11 PM,6,19,19,19,17,2,43,0.0,1017,28,10,250,11,90045
2017-03-29,26,15,0.0,12.7,6,8,07:02 AM,08:15 PM,05:45 AM,06:12 PM,8,21,21,21,12,7,46,0.0,1017,26,10,266,9,90045
2017-03-30,23,15,0.0,12.7,6,15,07:45 AM,09:24 PM,05:43 AM,06:13 PM,9,19,21,19,20,0,51,0.0,1012,23,10,217,14,90045
2017-03-31,22,13,0.0,12.7,5,19,08:31 AM,10:30 PM,05:42 AM,06:14 PM,5,17,17,17,19,0,45,0.0,1010,22,10,270,14,90045
2017-04-01,23,16,0.0,12.7,6,31,09:21 AM,11:34 PM,05:41 AM,06:14 PM,9,19,20,19,10,0,54,0.0,1014,23,10,209,8,90045
2017-04-02,22,14,0.0,12.8,5,38,10:15 AM,No moonset,05:39 AM,06:15 PM,12,18,19,18,8,8,68,0.0,1015,22,10,180,7,90045
2017-04-03,19,13,0.0,12.8,4,46,11:13 AM,12:34 AM,05:38 AM,06:16 PM,12,15,15,15,8,29,80,0.0,1013,19,10,176,7,90045
2017-04-04,23,13,0.0,12.8,5,54,12:13 PM,01:29 AM,05:37 AM,06:17 PM,12,18,18,18,9,9,73,0.0,1016,23,10,208,7,90045
2017-04-05,27,15,0.0,12.8,6,61,01:14 PM,02:17 AM,05:35 AM,06:17 PM,13,22,22,21,8,2,62,0.0,1017,27,10,239,6,90045
2017-04-06,23,14,0.0,12.8,4,69,02:14 PM,03:01 AM,05:34 AM,06:18 PM,12,18,19,18,8,28,68,0.0,1015,23,10,231,6,90045
2017-04-07,21,13,0.0,12.9,5,76,03:14 PM,03:41 AM,05:33 AM,06:19 PM,11,17,17,17,8,21,69,0.1,1016,21,10,177,6,90045
2017-04-08,19,15,0.0,12.9,5,84,04:12 PM,04:17 AM,05:31 AM,06:20 PM,9,17,16,17,19,29,61,1.3,1017,19,9,182,15,90045
2017-04-09,21,10,0.0,12.9,5,91,05:09 PM,04:51 AM,05:30 AM,06:20 PM,4,16,17,16,13,12,45,0.0,1018,21,10,224,10,90045
2017-04-10,25,13,0.0,12.9,6,99,06:05 PM,05:25 AM,05:29 AM,06:21 PM,6,18,19,18,11,3,44,0.0,1017,25,10,182,8,90045
2017-04-11,21,12,0.0,12.9,5,100,07:00 PM,05:57 AM,05:28 AM,06:22 PM,8,17,17,17,10,13,57,0.0,1016,21,10,209,8,90045
2017-04-12,22,14,0.0,13.0,5,86,07:55 PM,06:31 AM,05:26 AM,06:23 PM,12,18,18,18,13,6,72,0.0,1017,22,10,248,10,90045
2017-04-13,19,15,0.0,13.0,4,79,08:49 PM,07:06 AM,05:25 AM,06:24 PM,12,17,17,17,15,24,73,0.7,1017,19,10,231,12,90045
2017-04-14,22,15,0.0,13.0,5,71,09:42 PM,07:44 AM,05:24 AM,06:24 PM,9,18,19,18,11,0,55,0.0,1016,22,10,248,10,90045
2017-04-15,25,14,0.0,13.0,6,63,10:33 PM,08:24 AM,05:23 AM,06:25 PM,8,19,20,19,9,5,49,0.0,1015,25,10,200,7,90045
2017-04-16,23,12,0.0,13.1,5,56,11:23 PM,09:08 AM,05:21 AM,06:26 PM,9,17,18,17,11,19,58,0.0,1016,23,10,222,8,90045
2017-04-17,21,13,0.0,13.1,5,48,No moonrise,09:55 AM,05:20 AM,06:27 PM,12,17,18,17,10,40,70,0.0,1018,21,10,237,8,90045
2017-04-18,19,14,0.0,10.7,4,41,12:10 AM,10:45 AM,05:19 AM,06:27 PM,14,17,17,17,9,56,85,0.3,1019,19,6,261,7,90045
2017-04-19,22,14,0.0,13.1,6,33,12:55 AM,11:39 AM,05:18 AM,06:28 PM,14,19,20,19,12,13,74,0.1,1020,22,9,230,10,90045
2017-04-20,25,17,0.0,13.1,6,26,01:38 AM,12:35 PM,05:16 AM,06:29 PM,10,22,22,22,15,0,50,0.0,1018,25,10,262,11,90045
2017-04-21,30,18,0.0,13.2,7,18,02:18 AM,01:34 PM,05:15 AM,06:30 PM,9,24,24,24,12,0,40,0.0,1014,30,10,117,9,90045
2017-04-22,29,18,0.0,13.2,7,11,02:57 AM,02:35 PM,05:14 AM,06:30 PM,11,24,24,24,10,5,47,0.0,1012,29,10,196,7,90045
2017-04-23,25,16,0.0,13.2,6,3,03:35 AM,03:40 PM,05:13 AM,06:31 PM,14,22,22,21,9,5,66,0.0,1011,25,10,205,7,90045
2017-04-24,21,15,0.0,13.2,5,0,04:13 AM,04:46 PM,05:12 AM,06:32 PM,13,18,19,18,12,8,71,0.0,1012,21,10,209,10,90045
2017-04-25,23,15,0.0,13.2,6,0,04:53 AM,05:54 PM,05:11 AM,06:33 PM,8,19,20,19,25,8,48,0.0,1013,23,10,311,18,90045
2017-04-26,26,17,0.0,13.2,6,0,05:35 AM,07:03 PM,05:10 AM,06:34 PM,11,23,23,22,11,4,53,0.0,1012,26,10,243,9,90045
2017-04-27,27,18,0.0,13.3,6,4,06:20 AM,08:13 PM,05:08 AM,06:34 PM,10,22,22,22,23,6,48,0.0,1010,27,10,313,15,90045
2017-04-28,26,16,0.0,13.3,6,12,07:11 AM,09:21 PM,05:07 AM,06:35 PM,3,21,21,21,39,0,32,0.0,1010,26,10,291,24,90045
2017-04-29,28,17,0.0,13.3,6,19,08:05 AM,10:25 PM,05:06 AM,06:36 PM,0,21,21,22,26,0,25,0.0,1017,28,10,154,17,90045
2017-04-30,28,19,0.0,13.3,7,27,09:04 AM,11:24 PM,05:05 AM,06:37 PM,8,23,23,24,10,0,38,0.0,1017,28,10,209,8,90045
2017-05-01,28,19,0.0,13.3,7,33,10:05 AM,No moonset,05:04 AM,06:37 PM,11,24,24,23,9,1,50,0.0,1014,28,10,178,8,90045
2017-05-02,27,18,0.0,13.4,7,40,11:07 AM,12:16 AM,05:03 AM,06:38 PM,13,23,23,23,9,4,55,0.0,1012,27,10,181,7,90045
2017-05-03,28,19,0.0,13.4,7,48,12:08 PM,01:02 AM,05:02 AM,06:39 PM,16,24,24,23,9,1,64,0.0,1014,28,10,193,8,90045
2017-05-04,27,17,0.0,13.4,6,55,01:08 PM,01:43 AM,05:01 AM,06:40 PM,15,22,22,21,8,4,71,0.0,1013,27,10,230,7,90045
2017-05-05,21,14,0.0,12.1,4,62,02:07 PM,02:19 AM,05:00 AM,06:41 PM,13,17,18,17,8,40,76,0.0,1011,21,10,200,7,90045
2017-05-06,16,12,0.0,9.8,4,70,03:03 PM,02:54 AM,04:59 AM,06:41 PM,10,14,15,14,19,73,74,1.0,1008,16,9,203,15,90045
2017-05-07,17,10,0.0,13.8,4,77,03:59 PM,03:27 AM,04:58 AM,06:42 PM,7,13,14,13,12,40,66,3.6,1011,17,10,128,10,90045
2017-05-08,24,12,0.0,13.9,6,84,04:54 PM,03:59 AM,04:58 AM,06:43 PM,10,17,18,17,15,6,64,0.0,1011,24,10,277,13,90045
2017-05-09,19,14,0.0,11.0,4,91,05:49 PM,04:32 AM,04:57 AM,06:44 PM,13,17,16,17,16,55,80,0.3,1011,19,10,148,13,90045
2017-05-10,20,15,0.0,9.8,4,99,06:43 PM,05:06 AM,04:56 AM,06:44 PM,13,17,17,17,9,68,77,0.6,1017,20,9,190,8,90045
2017-05-11,21,14,0.0,13.9,6,100,07:37 PM,05:43 AM,04:55 AM,06:45 PM,14,18,20,18,13,12,76,0.0,1019,21,10,278,10,90045
2017-05-12,23,14,0.0,13.9,6,87,08:28 PM,06:21 AM,04:54 AM,06:46 PM,15,19,20,19,8,2,76,0.0,1015,23,10,249,7,90045
2017-05-13,23,17,0.0,13.9,6,80,09:19 PM,07:04 AM,04:53 AM,06:47 PM,10,20,21,20,12,0,57,0.0,1012,23,10,198,10,90045
2017-05-14,21,14,0.0,14.0,5,72,10:07 PM,07:50 AM,04:53 AM,06:48 PM,11,18,19,18,14,5,67,0.0,1011,21,10,164,12,90045
2017-05-15,18,12,0.0,14.0,4,65,10:53 PM,08:38 AM,04:52 AM,06:48 PM,9,15,15,15,14,32,69,1.0,1013,18,10,248,11,90045
2017-05-16,19,12,0.0,14.0,5,58,11:36 PM,09:31 AM,04:51 AM,06:49 PM,11,16,16,16,8,9,71,0.0,1015,19,10,214,7,90045
2017-05-17,20,13,0.0,14.0,5,50,No moonrise,10:25 AM,04:51 AM,06:50 PM,12,17,17,17,10,20,75,0.0,1013,20,10,180,8,90045
2017-05-18,24,16,0.0,14.0,6,43,12:16 AM,11:22 AM,04:50 AM,06:50 PM,14,21,21,20,10,0,66,0.0,1012,24,10,188,9,90045
2017-05-19,28,18,0.0,14.0,7,36,12:54 AM,12:20 PM,04:49 AM,06:51 PM,10,24,24,23,12,0,47,0.0,1013,28,10,227,10,90045
2017-05-20,31,20,0.0,14.0,7,29,01:31 AM,01:22 PM,04:49 AM,06:52 PM,10,26,26,26,13,0,40,0.0,1012,31,10,258,10,90045
2017-05-21,29,22,0.0,14.1,7,21,02:08 AM,02:25 PM,04:48 AM,06:53 PM,14,27,27,26,9,0,51,0.0,1013,29,10,208,8,90045
2017-05-22,28,18,0.0,14.1,6,14,02:45 AM,03:31 PM,04:47 AM,06:53 PM,16,24,24,23,9,3,66,0.0,1014,28,10,219,7,90045
2017-05-23,27,19,0.0,14.1,6,7,03:25 AM,04:38 PM,04:47 AM,06:54 PM,16,24,24,23,10,1,69,0.0,1013,27,10,245,8,90045
2017-05-24,24,15,0.0,14.1,6,0,04:08 AM,05:49 PM,04:46 AM,06:55 PM,13,19,20,19,8,10,72,0.0,1010,24,10,225,7,90045
2017-05-25,19,13,0.0,11.1,4,0,04:56 AM,06:59 PM,04:46 AM,06:55 PM,11,16,16,16,9,50,74,0.5,1010,19,9,211,7,90045
2017-05-26,22,14,0.0,12.2,4,0,05:49 AM,08:07 PM,04:45 AM,06:56 PM,12,17,17,17,10,43,73,0.5,1014,22,9,202,8,90045
2017-05-27,22,13,0.0,14.1,5,8,06:47 AM,09:11 PM,04:45 AM,06:57 PM,12,17,18,17,12,12,74,0.0,1016,22,10,273,10,90045
2017-05-28,24,17,0.0,14.1,6,15,07:50 AM,10:08 PM,04:45 AM,06:57 PM,16,21,21,21,9,1,75,0.0,1015,24,10,229,8,90045
2017-05-29,22,13,0.0,13.4,5,22,08:54 AM,10:58 PM,04:44 AM,06:58 PM,14,18,19,18,8,32,78,0.0,1012,22,10,198,7,90045
2017-05-30,24,14,0.0,14.2,6,29,09:58 AM,11:42 PM,04:44 AM,06:59 PM,14,18,19,18,7,26,79,0.0,1012,24,10,193,6,90045
2017-05-31,21,14,0.0,12.2,4,33,11:00 AM,No moonset,04:44 AM,06:59 PM,15,18,18,18,7,52,83,0.5,1011,21,9,185,6,90045
2017-06-01,24,15,0.0,13.4,5,46,12:00 PM,12:21 AM,04:43 AM,07:00 PM,16,19,20,19,9,35,81,0.6,1011,24,8,201,8,90045
2017-06-02,26,16,0.0,14.5,6,53,12:58 PM,12:57 AM,04:43 AM,07:01 PM,17,23,23,22,10,13,74,0.0,1011,26,10,195,9,90045
2017-06-03,27,16,0.0,14.5,6,61,01:54 PM,01:30 AM,04:43 AM,07:01 PM,17,22,22,22,9,4,74,0.0,1012,27,10,186,7,90045
2017-06-04,27,19,0.0,14.5,6,68,02:49 PM,02:02 AM,04:43 AM,07:02 PM,17,23,23,22,7,1,73,0.0,1011,27,10,202,6,90045
2017-06-05,25,16,0.0,14.5,6,76,03:44 PM,02:34 AM,04:42 AM,07:02 PM,16,20,20,20,9,21,78,0.1,1011,25,8,180,7,90045
2017-06-06,23,16,0.0,14.5,6,83,04:38 PM,03:08 AM,04:42 AM,07:03 PM,15,19,20,19,8,30,80,0.4,1012,23,9,190,7,90045
2017-06-07,24,15,0.0,13.4,5,91,05:32 PM,03:43 AM,04:42 AM,07:03 PM,15,19,20,19,10,31,77,0.1,1014,24,10,201,8,90045
2017-06-08,22,14,0.0,14.5,5,98,06:24 PM,04:21 AM,04:42 AM,07:04 PM,14,18,19,18,12,24,78,0.2,1015,22,10,257,10,90045
2017-06-09,23,15,0.0,14.5,6,100,07:16 PM,05:02 AM,04:42 AM,07:04 PM,15,19,20,19,12,12,77,0.0,1013,23,10,208,10,90045
2017-06-10,22,16,0.0,13.4,4,87,08:05 PM,05:47 AM,04:42 AM,07:05 PM,14,18,19,18,9,41,77,0.4,1011,22,9,214,7,90045
2017-06-11,21,16,0.0,13.4,4,79,08:52 PM,06:34 AM,04:42 AM,07:05 PM,13,18,18,18,14,42,75,1.8,1013,21,7,206,11,90045
2017-06-12,22,17,0.0,14.5,6,71,09:36 PM,07:26 AM,04:42 AM,07:05 PM,13,20,21,20,12,0,64,0.0,1016,22,10,252,10,90045
2017-06-13,26,18,0.0,14.5,6,64,10:16 PM,08:19 AM,04:42 AM,07:06 PM,13,24,24,23,9,0,58,0.0,1013,26,10,174,8,90045
2017-06-14,29,19,0.0,14.5,7,56,10:55 PM,09:15 AM,04:42 AM,07:06 PM,15,25,25,24,8,0,59,0.0,1012,29,10,200,7,90045
2017-06-15,29,20,0.0,14.5,7,49,11:31 PM,10:12 AM,04:42 AM,07:07 PM,16,26,26,25,8,0,61,0.0,1013,29,10,194,7,90045
2017-06-16,30,21,0.0,14.5,7,41,No moonrise,11:11 AM,04:42 AM,07:07 PM,16,27,27,26,9,0,58,0.0,1012,30,10,193,8,90045
2017-06-17,30,20,0.0,14.5,7,34,12:07 AM,12:11 PM,04:42 AM,07:07 PM,18,26,26,25,9,0,65,0.0,1011,30,10,185,7,90045
2017-06-18,30,21,0.0,14.5,7,26,12:43 AM,01:14 PM,04:42 AM,07:07 PM,18,27,27,26,7,0,63,0.0,1009,30,10,200,6,90045
2017-06-19,30,22,0.0,14.5,7,19,01:20 AM,02:18 PM,04:42 AM,07:08 PM,19,28,28,26,8,0,67,0.0,1010,30,10,238,7,90045
2017-06-20,32,22,0.0,14.5,7,11,02:00 AM,03:26 PM,04:43 AM,07:08 PM,19,29,29,27,8,0,63,0.0,1010,32,10,241,7,90045
2017-06-21,31,23,0.0,14.5,7,4,02:43 AM,04:34 PM,04:43 AM,07:08 PM,18,28,28,27,7,0,62,0.0,1008,31,10,218,6,90045
2017-06-22,27,18,0.0,14.5,6,0,03:33 AM,05:44 PM,04:43 AM,07:08 PM,18,24,24,23,9,3,73,0.0,1009,27,10,179,8,90045
2017-06-23,27,17,0.0,14.5,6,0,04:28 AM,06:50 PM,04:43 AM,07:09 PM,16,22,22,22,10,9,74,0.2,1012,27,10,260,8,90045
2017-06-24,29,17,0.0,14.5,5,0,05:29 AM,07:52 PM,04:44 AM,07:09 PM,17,24,24,23,11,5,74,1.8,1012,29,10,221,9,90045
2017-06-25,31,19,0.0,14.5,7,4,06:33 AM,08:47 PM,04:44 AM,07:09 PM,19,27,27,26,10,2,67,0.0,1013,31,10,220,8,90045
2017-06-26,34,24,0.0,14.5,8,11,07:40 AM,09:36 PM,04:44 AM,07:09 PM,14,29,29,28,10,0,45,0.0,1013,34,10,259,8,90045
2017-06-27,30,22,0.0,14.5,7,19,08:45 AM,10:18 PM,04:45 AM,07:09 PM,16,27,27,26,9,0,56,0.0,1012,30,10,213,8,90045
2017-06-28,28,18,0.0,14.5,7,26,09:48 AM,10:56 PM,04:45 AM,07:09 PM,17,24,24,23,8,1,69,0.0,1011,28,10,179,7,90045
2017-06-29,26,16,0.0,14.5,6,34,10:49 AM,11:32 PM,04:45 AM,07:09 PM,16,22,22,21,8,17,77,0.1,1013,26,10,189,7,90045
2017-06-30,27,16,0.0,13.4,5,42,11:47 AM,No moonset,04:46 AM,07:09 PM,17,22,22,21,8,19,79,0.2,1012,27,10,203,7,90045
2017-07-01,26,16,0.0,13.4,5,47,12:43 PM,12:04 AM,04:46 AM,07:09 PM,16,21,21,20,8,24,79,0.4,1011,26,9,174,7,90045
2017-07-02,28,16,0.0,14.5,6,55,01:38 PM,12:37 AM,04:47 AM,07:09 PM,16,22,22,22,7,4,72,0.0,1014,28,10,174,6,90045
2017-07-03,29,18,0.0,14.5,7,62,02:32 PM,01:10 AM,04:47 AM,07:09 PM,17,24,24,23,8,2,69,0.0,1016,29,10,212,7,90045
2017-07-04,29,21,0.0,14.5,7,69,03:26 PM,01:45 AM,04:48 AM,07:09 PM,16,26,26,25,11,2,61,0.0,1015,29,10,252,9,90045
2017-07-05,29,22,0.0,14.5,7,76,04:19 PM,02:21 AM,04:48 AM,07:08 PM,17,27,27,25,9,2,62,0.0,1014,29,10,215,7,90045
2017-07-06,30,22,0.0,14.5,7,84,05:11 PM,03:01 AM,04:49 AM,07:08 PM,17,27,27,26,8,7,61,0.0,1015,30,10,194,7,90045
2017-07-07,33,21,0.0,14.5,7,91,06:02 PM,03:44 AM,04:49 AM,07:08 PM,17,28,28,27,7,6,56,0.0,1012,33,10,183,6,90045
2017-07-08,33,22,0.0,14.5,8,98,06:50 PM,04:31 AM,04:50 AM,07:08 PM,17,29,29,27,9,13,56,0.1,1011,33,10,182,7,90045
2017-07-09,31,22,0.0,14.5,7,100,07:35 PM,05:21 AM,04:50 AM,07:07 PM,18,28,28,26,9,13,62,0.0,1013,31,10,148,8,90045
2017-07-10,30,22,0.0,14.5,7,87,08:17 PM,06:14 AM,04:51 AM,07:07 PM,18,28,28,26,8,10,63,1.0,1012,30,10,230,6,90045
2017-07-11,30,23,0.0,14.5,7,80,08:56 PM,07:10 AM,04:51 AM,07:07 PM,19,28,28,26,9,3,68,0.2,1013,30,10,242,8,90045
2017-07-12,29,20,0.0,14.5,7,73,09:34 PM,08:07 AM,04:52 AM,07:07 PM,19,27,27,25,9,9,71,0.0,1014,29,10,216,8,90045
2017-07-13,28,19,0.0,12.3,6,65,10:09 PM,09:05 AM,04:53 AM,07:06 PM,18,26,26,25,10,20,68,0.0,1015,28,10,228,9,90045
2017-07-14,30,22,0.0,14.5,7,58,10:44 PM,10:04 AM,04:53 AM,07:06 PM,19,27,27,25,8,1,69,0.0,1015,30,10,242,7,90045
2017-07-15,29,21,0.0,14.5,7,51,11:20 PM,11:05 AM,04:54 AM,07:05 PM,18,27,27,25,7,6,67,0.0,1014,29,10,199,6,90045
2017-07-16,28,19,0.0,14.5,7,44,11:57 PM,12:07 PM,04:54 AM,07:05 PM,18,25,25,24,9,11,71,0.0,1011,28,10,159,8,90045
2017-07-17,30,20,0.0,14.5,7,36,No moonrise,01:11 PM,04:55 AM,07:04 PM,20,26,26,24,7,13,76,0.0,1011,30,10,178,6,90045
2017-07-18,29,19,0.0,14.5,7,29,12:37 AM,02:17 PM,04:56 AM,07:04 PM,18,25,25,24,8,14,72,0.0,1013,29,10,210,7,90045
2017-07-19,28,19,0.0,14.5,7,22,01:23 AM,03:24 PM,04:56 AM,07:03 PM,17,25,25,24,8,13,66,0.0,1014,28,10,199,7,90045
2017-07-20,29,22,0.0,14.5,7,15,02:13 AM,04:30 PM,04:57 AM,07:03 PM,18,27,27,25,8,9,64,0.0,1015,29,10,196,7,90045
2017-07-21,30,23,0.0,14.4,7,7,03:10 AM,05:34 PM,04:58 AM,07:02 PM,18,28,28,26,9,2,62,0.0,1013,30,10,197,8,90045
2017-07-22,30,22,0.0,14.4,7,0,04:12 AM,06:32 PM,04:58 AM,07:01 PM,20,29,29,27,9,2,68,0.0,1012,30,10,196,8,90045
2017-07-23,28,23,0.0,14.4,7,0,05:18 AM,07:24 PM,04:59 AM,07:01 PM,18,27,27,25,8,4,66,0.0,1011,28,10,227,7,90045
2017-07-24,26,22,0.0,14.0,5,0,06:24 AM,08:10 PM,05:00 AM,07:00 PM,17,26,26,24,9,13,67,7.3,1012,26,9,201,7,90045
2017-07-25,26,22,0.0,13.6,5,7,07:30 AM,08:52 PM,05:00 AM,06:59 PM,17,25,25,23,10,22,68,5.4,1015,26,9,250,9,90045
2017-07-26,29,22,0.0,13.6,7,14,08:33 AM,09:29 PM,05:01 AM,06:59 PM,18,27,27,25,11,3,65,0.0,1015,29,10,260,10,90045
2017-07-27,29,22,0.0,13.6,7,22,09:34 AM,10:03 PM,05:02 AM,06:58 PM,18,27,27,25,11,20,66,0.0,1014,29,10,252,9,90045
2017-07-28,29,22,0.0,13.5,7,29,10:32 AM,10:37 PM,05:03 AM,06:57 PM,20,27,27,25,8,2,70,0.0,1013,29,10,198,7,90045
2017-07-29,29,25,0.0,13.5,7,36,11:29 AM,11:10 PM,05:03 AM,06:56 PM,20,29,29,27,8,0,68,0.0,1015,29,10,188,7,90045
2017-07-30,28,22,0.0,13.5,7,43,12:24 PM,11:45 PM,05:04 AM,06:56 PM,20,28,28,26,9,3,72,0.0,1017,28,10,246,8,90045
2017-07-31,28,21,0.0,13.5,7,47,01:19 PM,No moonset,05:05 AM,06:55 PM,19,26,26,25,9,6,72,0.0,1014,28,10,211,8,90045
2017-08-01,32,22,0.0,13.5,6,58,02:12 PM,12:20 AM,05:05 AM,06:54 PM,20,29,29,27,7,17,68,3.8,1012,32,10,184,6,90045
2017-08-02,30,25,0.0,13.5,6,65,03:05 PM,12:59 AM,05:06 AM,06:53 PM,21,29,29,27,5,16,70,8.0,1013,30,9,239,4,90045
2017-08-03,30,26,0.0,13.5,6,73,03:56 PM,01:41 AM,05:07 AM,06:52 PM,21,30,30,27,11,12,69,14.3,1015,30,9,240,8,90045
2017-08-04,29,24,0.0,13.4,7,80,04:45 PM,02:26 AM,05:08 AM,06:51 PM,19,28,28,26,9,11,66,0.0,1014,29,10,227,8,90045
2017-08-05,28,23,0.0,13.4,7,87,05:32 PM,03:15 AM,05:08 AM,06:50 PM,19,27,27,25,8,7,68,0.0,1013,28,10,196,7,90045
2017-08-06,29,22,0.0,13.4,7,94,06:15 PM,04:08 AM,05:09 AM,06:49 PM,20,28,28,26,9,3,71,0.0,1013,29,10,208,8,90045
2017-08-07,30,22,0.0,13.4,7,100,06:56 PM,05:03 AM,05:10 AM,06:48 PM,20,28,28,26,9,5,71,0.0,1013,30,10,224,8,90045
2017-08-08,31,25,0.0,13.4,7,100,07:35 PM,06:00 AM,05:11 AM,06:47 PM,20,30,30,28,9,0,63,0.0,1013,31,10,215,8,90045
2017-08-09,30,25,0.0,13.4,7,84,08:11 PM,06:59 AM,05:11 AM,06:46 PM,20,30,30,28,8,0,64,0.0,1013,30,10,212,7,90045
2017-08-10,30,24,0.0,13.3,7,77,08:46 PM,07:58 AM,05:12 AM,06:45 PM,20,30,30,28,9,0,65,0.0,1013,30,10,211,8,90045
2017-08-11,30,23,0.0,13.3,7,69,09:22 PM,08:59 AM,05:13 AM,06:44 PM,20,29,29,27,9,2,64,0.0,1011,30,10,229,8,90045
2017-08-12,30,22,0.0,13.3,7,62,09:59 PM,10:00 AM,05:14 AM,06:43 PM,20,29,29,27,9,2,68,0.0,1012,30,10,191,8,90045
2017-08-13,30,21,0.0,13.3,7,55,10:37 PM,11:03 AM,05:14 AM,06:42 PM,19,28,28,26,8,2,67,0.0,1013,30,10,205,7,90045
2017-08-14,27,20,0.0,13.3,6,47,11:20 PM,12:07 PM,05:15 AM,06:41 PM,18,25,25,23,9,10,71,0.1,1012,27,10,197,8,90045
2017-08-15,25,20,0.0,12.0,5,40,No moonrise,01:12 PM,05:16 AM,06:40 PM,16,21,22,21,9,53,74,0.1,1012,25,10,208,8,90045
2017-08-16,26,20,0.0,13.2,5,33,12:06 AM,02:16 PM,05:16 AM,06:39 PM,17,24,24,23,10,31,72,0.7,1014,26,9,209,9,90045
2017-08-17,27,22,0.0,13.2,6,26,12:59 AM,03:20 PM,05:17 AM,06:37 PM,18,27,27,25,9,1,67,0.0,1015,27,10,220,8,90045
2017-08-18,27,21,0.0,13.2,7,18,01:57 AM,04:18 PM,05:18 AM,06:36 PM,18,26,26,24,10,3,69,0.0,1015,27,10,228,8,90045
2017-08-19,28,22,0.0,13.2,7,11,02:59 AM,05:13 PM,05:19 AM,06:35 PM,18,27,27,25,8,1,68,0.0,1014,28,10,242,7,90045
2017-08-20,28,20,0.0,13.2,6,4,04:05 AM,06:01 PM,05:19 AM,06:34 PM,17,25,25,23,7,17,70,0.0,1013,28,10,199,6,90045
2017-08-21,28,21,0.0,13.1,6,0,05:10 AM,06:44 PM,05:20 AM,06:33 PM,18,25,25,24,9,12,70,0.0,1015,28,10,239,8,90045
2017-08-22,28,22,0.0,13.1,7,0,06:15 AM,07:24 PM,05:21 AM,06:31 PM,19,27,27,25,12,2,69,0.0,1016,28,10,255,11,90045
2017-08-23,28,21,0.0,13.1,6,3,07:18 AM,08:00 PM,05:21 AM,06:30 PM,18,26,26,23,8,8,72,0.0,1014,28,10,214,7,90045
2017-08-24,26,20,0.0,13.1,6,10,08:18 AM,08:34 PM,05:22 AM,06:29 PM,18,26,26,24,7,7,71,0.0,1011,26,10,185,6,90045
2017-08-25,29,21,0.0,13.1,7,18,09:17 AM,09:08 PM,05:23 AM,06:28 PM,20,27,27,24,7,4,75,0.0,1010,29,10,212,6,90045
2017-08-26,32,22,0.0,13.0,7,25,10:13 AM,09:43 PM,05:24 AM,06:26 PM,20,29,29,27,9,3,68,0.0,1013,32,10,238,8,90045
2017-08-27,33,25,0.0,13.0,7,32,11:09 AM,10:18 PM,05:24 AM,06:25 PM,19,30,30,29,11,0,58,0.0,1013,33,10,248,9,90045
2017-08-28,33,25,0.0,13.0,8,40,12:03 PM,10:55 PM,05:25 AM,06:24 PM,19,32,32,30,11,5,55,0.0,1010,33,10,256,8,90045
2017-08-29,33,26,0.0,13.0,8,47,12:57 PM,11:36 PM,05:26 AM,06:23 PM,18,31,31,30,10,6,51,0.0,1010,33,10,223,8,90045
2017-08-30,36,26,0.0,13.0,8,54,01:49 PM,No moonset,05:26 AM,06:21 PM,19,33,33,31,7,3,51,0.1,1008,36,10,205,6,90045
2017-08-31,36,27,0.0,12.9,7,58,02:38 PM,12:20 AM,05:27 AM,06:20 PM,18,32,32,31,7,8,46,4.0,1008,36,10,200,6,90045
2017-09-01,36,27,0.0,12.9,8,71,03:26 PM,01:08 AM,05:28 AM,06:19 PM,19,35,35,33,9,2,44,1.8,1009,36,10,176,8,90045
2017-09-02,33,31,0.0,12.9,7,79,04:10 PM,01:59 AM,05:28 AM,06:17 PM,19,34,34,32,8,10,46,0.2,1010,33,10,189,6,90045
2017-09-03,34,24,0.0,12.9,6,86,04:52 PM,02:53 AM,05:29 AM,06:16 PM,20,32,32,29,12,35,60,18.4,1013,34,8,145,9,90045
2017-09-04,27,24,0.0,11.9,6,94,05:32 PM,03:50 AM,05:30 AM,06:15 PM,21,27,27,25,10,52,77,0.8,1013,27,10,156,8,90045
2017-09-05,29,24,0.0,12.8,7,100,06:09 PM,04:48 AM,05:31 AM,06:13 PM,22,29,29,27,12,8,73,0.0,1014,29,10,256,10,90045
2017-09-06,31,25,0.0,12.8,7,100,06:46 PM,05:49 AM,05:31 AM,06:12 PM,21,30,30,28,12,1,65,0.0,1014,31,10,253,10,90045
2017-09-07,31,27,0.0,12.8,7,83,07:22 PM,06:50 AM,05:32 AM,06:11 PM,20,30,30,28,9,0,63,0.0,1012,31,10,251,8,90045
2017-09-08,29,25,0.0,12.8,7,76,07:59 PM,07:53 AM,05:33 AM,06:09 PM,20,29,29,27,7,0,67,0.0,1012,29,10,184,6,90045
2017-09-09,27,21,0.0,12.8,7,68,08:37 PM,08:56 AM,05:33 AM,06:08 PM,18,26,26,25,9,12,65,0.0,1014,27,10,219,8,90045
2017-09-10,29,24,0.0,12.7,7,61,09:19 PM,10:01 AM,05:34 AM,06:06 PM,17,28,28,27,11,11,57,0.6,1013,29,10,265,9,90045
2017-09-11,32,25,0.0,12.7,7,53,10:04 PM,11:06 AM,05:35 AM,06:05 PM,20,29,29,27,8,7,65,1.3,1013,32,10,230,7,90045
2017-09-12,28,24,0.0,12.7,7,46,10:54 PM,12:10 PM,05:35 AM,06:04 PM,20,27,27,25,13,8,71,0.0,1013,28,10,261,11,90045
2017-09-13,27,21,0.0,12.7,6,38,11:49 PM,01:12 PM,05:36 AM,06:02 PM,17,25,25,23,13,13,70,0.0,1012,27,10,258,11,90045
2017-09-14,23,20,0.0,12.6,5,31,No moonrise,02:11 PM,05:37 AM,06:01 PM,15,21,23,21,12,39,69,0.0,1012,23,10,274,10,90045
2017-09-15,24,20,0.0,12.6,5,23,12:49 AM,03:05 PM,05:37 AM,06:00 PM,16,23,23,22,10,32,71,0.2,1012,24,10,217,8,90045
2017-09-16,25,21,0.0,11.6,6,16,01:52 AM,03:54 PM,05:38 AM,05:58 PM,17,24,24,22,9,25,72,0.0,1012,25,10,202,8,90045
2017-09-17,23,20,0.0,10.2,5,8,02:55 AM,04:38 PM,05:39 AM,05:57 PM,17,23,23,21,9,45,77,0.6,1013,23,10,251,7,90045
2017-09-18,27,20,0.0,10.2,5,0,03:59 AM,05:19 PM,05:39 AM,05:56 PM,18,24,24,23,8,29,76,0.4,1013,27,10,229,7,90045
2017-09-19,24,20,0.0,8.8,5,0,05:02 AM,05:56 PM,05:40 AM,05:54 PM,17,23,23,21,8,57,76,0.3,1013,24,10,198,7,90045
2017-09-20,26,20,0.0,10.2,6,0,06:03 AM,06:30 PM,05:41 AM,05:53 PM,17,24,24,22,10,42,74,0.1,1011,26,10,187,8,90045
2017-09-21,25,20,0.0,8.8,5,0,07:03 AM,07:05 PM,05:42 AM,05:51 PM,15,23,23,22,13,37,66,0.7,1011,25,10,205,11,90045
2017-09-22,22,21,0.0,11.6,6,7,08:01 AM,07:39 PM,05:42 AM,05:50 PM,13,21,23,21,11,4,58,0.0,1011,22,10,196,10,90045
2017-09-23,23,21,0.0,11.6,6,14,08:57 AM,08:14 PM,05:43 AM,05:49 PM,13,24,24,23,9,3,55,0.0,1011,23,10,173,8,90045
2017-09-24,29,24,0.0,11.6,7,22,09:53 AM,08:51 PM,05:44 AM,05:47 PM,11,26,26,26,9,4,41,0.0,1012,29,10,226,7,90045
2017-09-25,29,23,0.0,11.6,7,30,10:47 AM,09:31 PM,05:44 AM,05:46 PM,8,26,26,27,11,8,31,0.0,1011,29,10,253,9,90045
2017-09-26,30,24,0.0,11.6,7,37,11:40 AM,10:13 PM,05:45 AM,05:44 PM,13,27,27,27,9,1,41,0.0,1010,30,10,203,7,90045
2017-09-27,29,24,0.0,11.6,7,45,12:30 PM,10:59 PM,05:46 AM,05:43 PM,16,28,28,27,9,0,50,0.0,1012,29,10,217,8,90045
2017-09-28,31,26,0.0,11.6,7,52,01:19 PM,11:49 PM,05:46 AM,05:42 PM,15,29,29,28,9,1,47,0.0,1013,31,10,242,8,90045
2017-09-29,31,26,0.0,11.6,7,60,02:04 PM,No moonset,05:47 AM,05:40 PM,16,29,29,28,9,1,49,0.0,1012,31,10,186,8,90045
2017-09-30,28,23,0.0,11.6,7,67,02:47 PM,12:41 AM,05:48 AM,05:39 PM,18,27,27,25,8,2,65,0.0,1011,28,10,159,7,90045
2017-10-01,25,20,0.0,11.6,6,72,03:27 PM,01:36 AM,05:49 AM,05:38 PM,17,23,23,22,10,17,75,0.0,1009,25,10,175,8,90045
2017-10-02,25,19,0.0,11.6,5,79,04:05 PM,02:34 AM,05:49 AM,05:36 PM,17,24,24,23,9,18,70,0.3,1008,25,10,196,8,90045
2017-10-03,25,20,0.0,11.6,5,87,04:42 PM,03:34 AM,05:50 AM,05:35 PM,17,23,23,23,8,17,69,0.3,1011,25,10,162,7,90045
2017-10-04,27,22,0.0,11.6,7,94,05:19 PM,04:35 AM,05:51 AM,05:34 PM,14,26,26,25,8,0,51,0.0,1015,27,10,225,7,90045
2017-10-05,29,24,0.0,11.6,7,100,05:56 PM,05:38 AM,05:51 AM,05:32 PM,13,27,27,27,9,0,41,0.0,1013,29,10,232,8,90045
2017-10-06,34,26,0.0,11.6,7,100,06:34 PM,06:43 AM,05:52 AM,05:31 PM,11,30,30,31,11,0,31,0.0,1014,34,10,206,9,90045
2017-10-07,33,25,0.0,11.6,7,84,07:16 PM,07:49 AM,05:53 AM,05:30 PM,9,28,28,29,8,2,30,0.0,1010,33,10,224,7,90045
2017-10-08,26,20,0.0,11.6,6,77,08:01 PM,08:56 AM,05:54 AM,05:28 PM,17,26,26,24,10,3,64,0.0,1007,26,10,150,9,90045
2017-10-09,32,21,0.0,11.6,7,70,08:50 PM,10:02 AM,05:54 AM,05:27 PM,14,27,27,27,7,1,48,0.0,1013,32,10,177,6,90045
2017-10-10,29,24,0.0,11.6,7,62,09:45 PM,11:07 AM,05:55 AM,05:26 PM,13,26,26,26,8,2,44,0.0,1014,29,10,231,7,90045
2017-10-11,26,21,0.0,11.6,6,55,10:43 PM,12:07 PM,05:56 AM,05:24 PM,16,25,25,23,9,4,62,0.0,1012,26,10,249,8,90045
2017-10-12,25,20,0.0,11.6,6,48,11:45 PM,01:03 PM,05:57 AM,05:23 PM,17,25,25,24,9,1,66,0.0,1014,25,10,216,7,90045
2017-10-13,26,23,0.0,11.6,6,41,No moonrise,01:53 PM,05:57 AM,05:22 PM,16,26,26,25,7,0,59,0.0,1015,26,10,220,6,90045
2017-10-14,31,24,0.0,11.6,7,33,12:47 AM,02:37 PM,05:58 AM,05:21 PM,14,28,28,27,5,2,46,0.0,1016,31,10,210,5,90045
2017-10-15,36,25,0.0,11.6,8,26,01:50 AM,03:18 PM,05:59 AM,05:19 PM,9,28,28,29,9,4,29,0.0,1019,36,10,141,8,90045
2017-10-16,33,24,0.0,11.2,8,19,02:52 AM,03:55 PM,06:00 AM,05:18 PM,6,27,27,29,10,13,25,0.0,1018,33,10,272,8,90045
2017-10-17,30,26,0.0,8.7,7,12,03:52 AM,04:29 PM,06:01 AM,05:17 PM,9,27,27,27,10,16,32,0.1,1016,30,10,224,7,90045
2017-10-18,28,24,0.0,8.7,7,4,04:51 AM,05:03 PM,06:01 AM,05:16 PM,15,27,27,26,6,8,50,0.0,1014,28,10,181,5,90045
2017-10-19,25,22,0.0,8.7,6,0,05:50 AM,05:37 PM,06:02 AM,05:14 PM,18,26,26,24,7,2,69,0.0,1012,25,10,187,6,90045
2017-10-20,26,20,0.0,8.7,6,0,06:47 AM,06:11 PM,06:03 AM,05:13 PM,14,23,23,22,14,9,62,0.0,1014,26,10,282,12,90045
2017-10-21,29,20,0.0,8.7,7,3,07:43 AM,06:48 PM,06:04 AM,05:12 PM,7,24,24,24,9,6,33,0.0,1018,29,10,240,8,90045
2017-10-22,35,24,0.0,8.7,8,10,08:38 AM,07:26 PM,06:05 AM,05:11 PM,9,28,28,29,10,0,29,0.0,1020,35,10,243,8,90045
2017-10-23,39,27,0.0,8.7,8,17,09:32 AM,08:07 PM,06:05 AM,05:10 PM,9,31,31,32,9,0,24,0.0,1019,39,10,171,7,90045
2017-10-24,38,29,0.0,8.7,8,25,10:23 AM,08:52 PM,06:06 AM,05:09 PM,8,31,31,33,12,0,21,0.0,1017,38,10,107,8,90045
2017-10-25,37,29,0.0,8.7,8,32,11:13 AM,09:40 PM,06:07 AM,05:08 PM,9,31,31,33,9,0,23,0.0,1013,37,10,115,7,90045
2017-10-26,33,28,0.0,8.7,8,39,11:59 AM,10:30 PM,06:08 AM,05:07 PM,12,29,29,30,7,0,33,0.0,1012,33,10,174,6,90045
2017-10-27,31,26,0.0,8.7,7,46,12:42 PM,11:24 PM,06:09 AM,05:06 PM,16,29,29,28,7,0,47,0.0,1013,31,10,214,6,90045
2017-10-28,27,24,0.0,8.7,7,54,01:23 PM,No moonset,06:10 AM,05:04 PM,17,27,27,26,8,0,60,0.0,1012,27,10,214,7,90045
2017-10-29,24,19,0.0,8.7,6,61,02:01 PM,12:19 AM,06:11 AM,05:03 PM,16,21,22,21,8,11,74,0.0,1011,24,10,173,7,90045
2017-10-30,21,18,0.0,7.2,4,68,02:37 PM,01:17 AM,06:11 AM,05:02 PM,14,19,19,19,9,61,73,0.5,1011,21,10,183,8,90045
2017-10-31,20,18,0.0,7.2,4,72,03:13 PM,02:17 AM,06:12 AM,05:02 PM,14,19,19,19,7,57,75,1.6,1012,20,8,208,6,90045
2017-11-01,21,19,0.0,8.7,4,86,03:50 PM,03:19 AM,06:13 AM,05:01 PM,14,19,19,19,8,36,69,0.9,1014,21,10,194,7,90045
2017-11-02,19,17,0.0,8.7,4,93,04:27 PM,04:22 AM,06:14 AM,05:00 PM,11,18,18,18,7,40,64,2.8,1017,19,10,228,6,90045
2017-11-03,20,18,0.0,5.5,4,100,05:07 PM,05:29 AM,06:15 AM,04:59 PM,11,19,19,19,9,56,59,0.5,1018,20,10,197,8,90045
2017-11-04,22,18,0.0,8.7,6,100,05:52 PM,06:37 AM,06:16 AM,04:58 PM,12,20,20,20,13,16,63,0.0,1017,22,10,274,11,90045
2017-11-05,21,18,0.0,8.7,4,84,06:40 PM,07:46 AM,06:17 AM,04:57 PM,13,19,19,19,9,37,68,0.3,1018,21,10,261,8,90045
2017-11-06,21,18,0.0,8.7,5,76,07:35 PM,08:54 AM,06:18 AM,04:56 PM,12,19,19,19,7,40,63,0.0,1019,21,10,220,6,90045
2017-11-07,23,19,0.0,8.7,6,69,08:34 PM,09:59 AM,06:19 AM,04:55 PM,12,21,22,21,6,19,58,0.4,1019,23,10,269,5,90045
2017-11-08,24,20,0.0,8.7,6,61,09:37 PM,10:59 AM,06:20 AM,04:55 PM,16,24,24,23,7,3,65,0.0,1017,24,10,216,6,90045
2017-11-09,22,19,0.0,8.7,6,54,10:40 PM,11:52 AM,06:21 AM,04:54 PM,15,20,21,20,10,11,73,0.0,1017,22,10,283,9,90045
2017-11-10,21,17,0.0,8.7,4,46,11:44 PM,12:38 PM,06:21 AM,04:53 PM,15,19,19,19,7,28,75,0.0,1016,21,10,224,6,90045
2017-11-11,22,17,0.0,8.7,6,39,No moonrise,01:20 PM,06:22 AM,04:52 PM,14,20,20,20,6,14,69,0.0,1016,22,10,203,5,90045
2017-11-12,21,17,0.0,8.7,5,31,12:46 AM,01:57 PM,06:23 AM,04:52 PM,13,20,20,20,5,26,67,0.0,1018,21,10,218,5,90045
2017-11-13,25,21,0.0,8.7,6,24,01:46 AM,02:32 PM,06:24 AM,04:51 PM,14,24,24,23,6,1,58,0.0,1020,25,10,247,5,90045
2017-11-14,24,18,0.0,8.7,6,16,02:45 AM,03:05 PM,06:25 AM,04:50 PM,8,22,22,21,8,24,44,0.0,1018,24,10,275,6,90045
2017-11-15,27,19,0.0,8.7,6,8,03:42 AM,03:38 PM,06:26 AM,04:50 PM,10,23,23,23,5,16,44,0.0,1015,27,10,240,4,90045
2017-11-16,24,20,0.0,8.7,6,1,04:39 AM,04:11 PM,06:27 AM,04:49 PM,11,23,23,22,9,27,51,0.0,1015,24,10,270,6,90045
2017-11-17,24,19,0.0,8.7,6,0,05:35 AM,04:46 PM,06:28 AM,04:49 PM,15,22,23,22,11,15,67,0.1,1018,24,10,266,9,90045
2017-11-18,28,20,0.0,8.7,6,0,06:30 AM,05:24 PM,06:29 AM,04:48 PM,11,24,24,23,8,2,47,0.0,1021,28,10,235,7,90045
2017-11-19,25,18,0.0,8.7,6,0,07:25 AM,06:04 PM,06:30 AM,04:48 PM,4,23,23,23,10,2,30,0.0,1018,25,10,231,8,90045
2017-11-20,23,18,0.0,8.7,6,6,08:17 AM,06:47 PM,06:31 AM,04:47 PM,7,21,22,21,6,12,40,0.0,1017,23,10,212,5,90045
2017-11-21,31,19,0.0,8.7,7,14,09:08 AM,07:34 PM,06:32 AM,04:47 PM,9,25,25,25,10,29,36,0.0,1018,31,10,281,6,90045
2017-11-22,34,25,0.0,8.7,7,22,09:55 AM,08:23 PM,06:33 AM,04:46 PM,8,27,27,28,12,1,28,0.0,1018,34,10,200,8,90045
2017-11-23,30,23,0.0,8.7,7,29,10:39 AM,09:15 PM,06:34 AM,04:46 PM,9,26,26,26,13,25,35,0.0,1016,30,10,149,7,90045
2017-11-24,28,22,0.0,8.7,7,37,11:21 AM,10:09 PM,06:35 AM,04:46 PM,10,25,25,25,7,12,41,0.0,1014,28,10,162,5,90045
2017-11-25,29,23,0.0,8.7,7,44,11:59 AM,11:04 PM,06:36 AM,04:45 PM,15,27,27,26,6,1,51,0.0,1016,29,10,136,5,90045
2017-11-26,25,19,0.0,8.7,6,52,12:34 PM,No moonset,06:36 AM,04:45 PM,16,23,23,22,8,1,68,0.0,1017,25,10,228,7,90045
2017-11-27,24,17,0.0,8.7,6,59,01:10 PM,12:02 AM,06:37 AM,04:45 PM,11,20,20,20,14,13,59,0.2,1016,24,10,260,12,90045
2017-11-28,27,19,0.0,8.7,5,67,01:45 PM,01:01 AM,06:38 AM,04:45 PM,6,21,21,21,6,18,37,0.0,1016,27,10,217,5,90045
2017-11-29,23,17,0.0,5.4,4,74,02:20 PM,02:02 AM,06:39 AM,04:44 PM,8,19,19,19,7,48,51,0.0,1018,23,10,171,5,90045
2017-11-30,24,18,0.0,8.7,6,82,02:58 PM,03:06 AM,06:40 AM,04:44 PM,10,21,22,21,6,15,51,0.0,1018,24,10,251,5,90045
2017-12-01,25,20,0.0,8.7,6,86,03:40 PM,04:12 AM,06:41 AM,04:44 PM,14,24,24,23,5,0,57,0.0,1016,25,10,265,5,90045
2017-12-02,23,18,0.0,8.7,5,93,04:25 PM,05:21 AM,06:42 AM,04:44 PM,12,21,22,21,5,30,59,0.0,1016,23,10,169,4,90045
2017-12-03,21,16,0.0,8.7,4,100,05:18 PM,06:31 AM,06:43 AM,04:44 PM,13,19,19,19,6,35,69,0.0,1016,21,10,184,5,90045
2017-12-04,23,17,0.0,8.7,6,100,06:16 PM,07:40 AM,06:43 AM,04:44 PM,1,20,20,20,11,0,32,0.0,1017,23,10,121,9,90045
2017-12-05,21,15,0.0,8.7,5,85,07:20 PM,08:44 AM,06:44 AM,04:44 PM,-6,18,18,18,26,0,18,0.0,1021,21,10,38,19,90045
2017-12-06,27,17,0.0,8.7,6,77,08:26 PM,09:43 AM,06:45 AM,04:44 PM,-3,21,21,21,11,0,19,0.0,1023,27,10,150,9,90045
2017-12-07,26,18,0.0,8.7,6,70,09:33 PM,10:34 AM,06:46 AM,04:44 PM,-2,21,21,22,13,0,21,0.0,1027,26,10,156,11,90045
2017-12-08,27,19,0.0,8.7,6,63,10:37 PM,11:20 AM,06:47 AM,04:44 PM,0,22,22,23,9,0,23,0.0,1027,27,10,237,8,90045
2017-12-09,26,18,0.0,8.7,6,56,11:40 PM,11:59 AM,06:47 AM,04:45 PM,-2,21,21,22,13,30,20,0.0,1023,26,10,66,7,90045
2017-12-10,25,18,0.0,5.4,5,48,No moonrise,12:35 PM,06:48 AM,04:45 PM,-3,21,21,21,18,64,20,0.0,1022,25,10,20,9,90045
2017-12-11,26,18,0.0,8.7,6,41,12:39 AM,01:09 PM,06:49 AM,04:45 PM,-3,21,21,22,13,18,19,0.0,1023,26,10,210,7,90045
2017-12-12,29,20,0.0,8.7,6,34,01:38 AM,01:42 PM,06:50 AM,04:45 PM,-2,23,23,23,11,3,18,0.0,1021,29,10,166,8,90045
2017-12-13,28,21,0.0,8.7,6,27,02:34 AM,02:14 PM,06:50 AM,04:45 PM,1,23,23,23,8,2,24,0.0,1016,28,10,179,6,90045
2017-12-14,25,18,0.0,8.7,6,19,03:30 AM,02:48 PM,06:51 AM,04:46 PM,5,23,23,22,6,5,32,0.0,1018,25,10,159,4,90045
2017-12-15,28,18,0.0,8.7,6,12,04:25 AM,03:24 PM,06:52 AM,04:46 PM,1,22,22,23,9,14,25,0.0,1019,28,10,221,7,90045
2017-12-16,22,18,0.0,8.7,5,5,05:20 AM,04:03 PM,06:52 AM,04:46 PM,9,19,20,19,9,4,50,0.0,1008,22,10,194,8,90045
2017-12-17,22,15,0.0,8.7,5,0,06:12 AM,04:44 PM,06:53 AM,04:47 PM,0,19,19,19,16,6,29,0.0,1015,22,10,146,13,90045
2017-12-18,21,16,0.0,8.7,5,0,07:04 AM,05:30 PM,06:54 AM,04:47 PM,-0,18,19,18,8,11,29,0.0,1021,21,10,232,6,90045
2017-12-19,20,17,0.0,8.7,5,2,07:53 AM,06:18 PM,06:54 AM,04:48 PM,7,19,19,19,7,4,48,0.0,1021,20,10,202,6,90045
2017-12-20,20,13,0.0,7.0,4,10,08:38 AM,07:09 PM,06:55 AM,04:48 PM,8,15,16,15,11,20,61,0.3,1019,20,10,256,9,90045
2017-12-21,22,11,0.0,8.7,5,17,09:20 AM,08:02 PM,06:55 AM,04:49 PM,-5,15,16,15,16,0,25,0.0,1021,22,10,169,12,90045
2017-12-22,19,14,0.0,8.7,5,24,09:59 AM,08:57 PM,06:56 AM,04:49 PM,-6,16,16,16,8,9,22,0.0,1025,19,10,267,7,90045
2017-12-23,20,14,0.0,7.0,4,31,10:35 AM,09:53 PM,06:56 AM,04:50 PM,-3,16,16,16,9,63,28,0.0,1022,20,10,202,6,90045
2017-12-24,22,15,0.0,8.7,5,39,11:10 AM,10:50 PM,06:57 AM,04:50 PM,2,18,18,18,6,27,35,0.0,1020,22,10,211,5,90045
2017-12-25,19,14,0.0,8.7,5,46,11:44 AM,11:48 PM,06:57 AM,04:51 PM,6,17,17,17,5,25,48,0.0,1019,19,10,210,4,90045
2017-12-26,21,14,0.0,8.7,4,53,12:17 PM,No moonset,06:57 AM,04:51 PM,8,18,18,18,5,29,52,0.0,1019,21,10,234,4,90045
2017-12-27,26,19,0.0,8.7,6,61,12:52 PM,12:48 AM,06:58 AM,04:52 PM,8,23,23,22,5,3,40,0.0,1021,26,10,226,4,90045
2017-12-28,28,19,0.0,8.7,6,68,01:31 PM,01:51 AM,06:58 AM,04:53 PM,6,23,23,23,6,1,34,0.0,1021,28,10,240,5,90045
2017-12-29,29,21,0.0,8.7,7,75,02:12 PM,02:57 AM,06:58 AM,04:53 PM,5,25,25,25,7,0,29,0.0,1020,29,10,229,6,90045
2017-12-30,25,17,0.0,8.7,6,82,03:00 PM,04:05 AM,06:59 AM,04:54 PM,10,21,22,21,5,8,48,0.0,1019,25,10,184,5,90045
2017-12-31,20,14,0.0,8.7,5,86,03:55 PM,05:14 AM,06:59 AM,04:55 PM,11,18,18,18,5,26,64,0.0,1019,20,10,212,4,90045
